{"cameraMode":{"drawMode":0,"name":"Shaded","section":"Shading Mode"},"sceneLighting":false,"audioPlay":false,"sceneViewState":{"m_AlwaysRefresh":false,"showFog":true,"showSkybox":false,"showFlares":true,"showImageEffects":true,"showParticleSystems":true,"showVisualEffectGraphs":true,"m_FxEnabled":true},"in2DMode":false,"pivot":{"x":0.5816222429275513,"y":-4.1055827140808109,"z":-2.343703508377075},"rotation":{"x":0.01267709955573082,"y":0.8032428026199341,"z":-0.5953181385993958,"w":0.017117494717240335},"size":4.766386032104492,"orthographic":false}