{"cameraMode":{"drawMode":0,"name":"Shaded","section":"Shading Mode"},"sceneLighting":false,"audioPlay":false,"sceneViewState":{"m_AlwaysRefresh":false,"showFog":true,"showSkybox":true,"showFlares":true,"showImageEffects":true,"showParticleSystems":true,"showVisualEffectGraphs":true,"m_FxEnabled":true},"in2DMode":false,"pivot":{"x":-24.194786071777345,"y":23.299022674560548,"z":8.276557922363282},"rotation":{"x":0.04017472639679909,"y":0.023082396015524865,"z":0.000861861917655915,"w":-0.9990131855010986},"size":70.79903411865235,"orthographic":false}